position,mute_freq,lo_err,hi_err,A,A_obs,A_lo_err,A_hi_err,C,C_obs,C_lo_err,C_hi_err,G,G_obs,G_lo_err,G_hi_err,T,T_obs,T_lo_err,T_hi_err
0,0.0,0.0,0.258554541325,0.0,0,0.0,0.258554541325,1.0,7,0.87168554287173583,1.0,0.0,0,0.0,0.258554541325,0.0,0,0.0,0.258554541325
1,0.6666666666666666,0.460271286011,0.789440418823,0.0,0,0.0,0.287208746724,0.0,0,0.0,0.287208746724,0.6666666666666666,4,0.460271286011,0.789440418823,0.3333333333333333,2,0.210559581177,0.539728713989
2,0.0,0.0,0.215128129105,1.0,9,0.89595845984076217,1.0,0.0,0,0.0,0.215128129105,0.0,0,0.0,0.215128129105,0.0,0,0.0,0.215128129105
3,0.0,0.0,0.322441525154,1.0,5,0.83268317765560429,1.0,0.0,0,0.0,0.322441525154,0.0,0,0.0,0.322441525154,0.0,0,0.0,0.322441525154
4,0.0,0.0,0.322441525154,0.0,0,0.0,0.322441525154,1.0,5,0.83268317765560429,1.0,0.0,0,0.0,0.322441525154,0.0,0,0.0,0.322441525154
5,0.0,0.0,0.322441525154,0.0,0,0.0,0.322441525154,0.0,0,0.0,0.322441525154,0.0,0,0.0,0.322441525154,1.0,5,0.83268317765560429,1.0
6,0.0,0.0,0.322441525154,0.0,0,0.0,0.322441525154,0.0,0,0.0,0.322441525154,1.0,5,0.83268317765560429,1.0,0.0,0,0.0,0.322441525154
7,0.0,0.0,0.504622638711,0.0,0,0.0,0.504622638711,0.0,0,0.0,0.504622638711,1.0,1,0.57735026918962584,1.0,0.0,0,0.0,0.504622638711
8,0.0,0.0,0.504622638711,0.0,0,0.0,0.504622638711,0.0,0,0.0,0.504622638711,1.0,1,0.57735026918962584,1.0,0.0,0,0.0,0.504622638711
9,0.0,0.0,0.504622638711,0.0,0,0.0,0.504622638711,0.0,0,0.0,0.504622638711,1.0,1,0.57735026918962584,1.0,0.0,0,0.0,0.504622638711
10,0.0,0.0,0.504622638711,1.0,1,0.57735026918962584,1.0,0.0,0,0.0,0.504622638711,0.0,0,0.0,0.504622638711,0.0,0,0.0,0.504622638711
