position,mute_freq,lo_err,hi_err,A,A_obs,A_lo_err,A_hi_err,C,C_obs,C_lo_err,C_hi_err,G,G_obs,G_lo_err,G_hi_err,T,T_obs,T_lo_err,T_hi_err
0,0.0,0.0,0.366245292544,0.0,0,0.0,0.366245292544,0.0,0,0.0,0.366245292544,1.0,4,0.8027415617602307,1.0,0.0,0,0.0,0.366245292544
1,0.0,0.0,0.322441525154,0.0,0,0.0,0.322441525154,0.0,0,0.0,0.322441525154,1.0,5,0.83268317765560429,1.0,0.0,0,0.0,0.322441525154
2,0.8,0.552493115883,0.874934641038,0.0,0,0.0,0.322441525154,0.8,4,0.552493115883,0.874934641038,0.0,0,0.0,0.322441525154,0.2,1,0.125065358962,0.447506884117
3,0.0,0.0,0.322441525154,1.0,5,0.83268317765560429,1.0,0.0,0,0.0,0.322441525154,0.0,0,0.0,0.322441525154,0.0,0,0.0,0.322441525154
4,0.0,0.0,0.322441525154,0.0,0,0.0,0.322441525154,0.0,0,0.0,0.322441525154,0.0,0,0.0,0.322441525154,1.0,5,0.83268317765560429,1.0
5,0.0,0.0,0.322441525154,1.0,5,0.83268317765560429,1.0,0.0,0,0.0,0.322441525154,0.0,0,0.0,0.322441525154,0.0,0,0.0,0.322441525154
6,0.0,0.0,0.322441525154,1.0,5,0.83268317765560429,1.0,0.0,0,0.0,0.322441525154,0.0,0,0.0,0.322441525154,0.0,0,0.0,0.322441525154
7,0.0,0.0,0.198355386463,0.0,0,0.0,0.198355386463,1.0,10,0.90495157552193051,1.0,0.0,0,0.0,0.198355386463,0.0,0,0.0,0.198355386463
8,0.0,0.0,0.198355386463,0.0,0,0.0,0.198355386463,0.0,0,0.0,0.198355386463,0.0,0,0.0,0.198355386463,1.0,10,0.90495157552193051,1.0
9,0.0,0.0,0.198355386463,0.0,0,0.0,0.198355386463,0.0,0,0.0,0.198355386463,1.0,10,0.90495157552193051,1.0,0.0,0,0.0,0.198355386463
10,0.0,0.0,0.198355386463,0.0,0,0.0,0.198355386463,0.0,0,0.0,0.198355386463,1.0,10,0.90495157552193051,1.0,0.0,0,0.0,0.198355386463
11,0.0,0.0,0.198355386463,1.0,10,0.90495157552193051,1.0,0.0,0,0.0,0.198355386463,0.0,0,0.0,0.198355386463,0.0,0,0.0,0.198355386463
12,0.4444444444444444,0.309294846066,0.599744203736,0.5555555555555556,5,0.400255796264,0.690705153934,0.4444444444444444,4,0.309294846066,0.599744203736,0.0,0,0.0,0.215128129105,0.0,0,0.0,0.215128129105
13,0.0,0.0,0.215128129105,0.0,0,0.0,0.215128129105,1.0,9,0.89595845984076217,1.0,0.0,0,0.0,0.215128129105,0.0,0,0.0,0.215128129105
14,0.0,0.0,0.215128129105,1.0,9,0.89595845984076217,1.0,0.0,0,0.0,0.215128129105,0.0,0,0.0,0.215128129105,0.0,0,0.0,0.215128129105
15,0.0,0.0,0.215128129105,1.0,9,0.89595845984076217,1.0,0.0,0,0.0,0.215128129105,0.0,0,0.0,0.215128129105,0.0,0,0.0,0.215128129105
