position,mute_freq,lo_err,hi_err,A,A_obs,A_lo_err,A_hi_err,C,C_obs,C_lo_err,C_hi_err,G,G_obs,G_lo_err,G_hi_err,T,T_obs,T_lo_err,T_hi_err
0,0.0,0.0,0.198355386463,0.0,0,0.0,0.198355386463,1.0,10,0.90495157552193051,1.0,0.0,0,0.0,0.198355386463,0.0,0,0.0,0.198355386463
1,0.4,0.279087041282,0.554115651963,0.0,0,0.0,0.198355386463,0.0,0,0.0,0.198355386463,0.4,4,0.279087041282,0.554115651963,0.6,6,0.445884348037,0.720912958718
2,0.0,0.0,0.183970231421,1.0,11,0.91251475476049393,1.0,0.0,0,0.0,0.183970231421,0.0,0,0.0,0.183970231421,0.0,0,0.0,0.183970231421
3,0.0,0.0,0.183970231421,1.0,11,0.91251475476049393,1.0,0.0,0,0.0,0.183970231421,0.0,0,0.0,0.183970231421,0.0,0,0.0,0.183970231421
4,0.0,0.0,0.183970231421,0.0,0,0.0,0.183970231421,1.0,11,0.91251475476049393,1.0,0.0,0,0.0,0.183970231421,0.0,0,0.0,0.183970231421
5,0.0,0.0,0.183970231421,0.0,0,0.0,0.183970231421,0.0,0,0.0,0.183970231421,0.0,0,0.0,0.183970231421,1.0,11,0.91251475476049393,1.0
6,0.0,0.0,0.183970231421,0.0,0,0.0,0.183970231421,0.0,0,0.0,0.183970231421,1.0,11,0.91251475476049393,1.0,0.0,0,0.0,0.183970231421
7,0.0,0.0,0.183970231421,0.0,0,0.0,0.183970231421,0.0,0,0.0,0.183970231421,1.0,11,0.91251475476049393,1.0,0.0,0,0.0,0.183970231421
8,0.0,0.0,0.183970231421,0.0,0,0.0,0.183970231421,0.0,0,0.0,0.183970231421,1.0,11,0.91251475476049393,1.0,0.0,0,0.0,0.183970231421
9,0.45454545454545453,0.327718348184,0.59528607047,0.0,0,0.0,0.183970231421,0.0,0,0.0,0.183970231421,0.5454545454545454,6,0.40471392953,0.672281651816,0.45454545454545453,5,0.327718348184,0.59528607047
10,0.0,0.0,0.198355386463,1.0,10,0.90495157552193051,1.0,0.0,0,0.0,0.198355386463,0.0,0,0.0,0.198355386463,0.0,0,0.0,0.198355386463
