bin_low_edge,contents,binlabel,error
-0.01,0.0,,0.0
0.0,0.11538699116684169,,0.0026697365847148445
0.01,0.0,,0.0
0.02,0.0,,0.0
0.03,0.003397368583606152,,0.0004581010863608415
0.04,0.012415837914633392,,0.0008757456840297626
0.05,0.02199024028661437,,0.001165480404232084
0.06,0.02724071900673297,,0.0012971770955587127
0.07,0.012045215887330903,,0.0008625758257933745
0.08,0.012971770955587127,,0.0008951372380128135
0.09,0.019766508122799432,,0.0011049813960095323
0.1,0.009389091358329731,,0.0007615558716374052
0.11,0.03632095867564396,,0.0014978510906148794
0.12,0.026684785965779233,,0.0012838723633841823
0.13,0.021743158935079374,,0.0011589142651982037
0.14,0.011303971832725926,,0.000835613642502235
0.15,0.017789857310519488,,0.0010482773950507838
0.16,0.038853542528877634,,0.0015491921927215336
0.17,0.015813206498239547,,0.0009883254061399717
0.18,0.026314163938476742,,0.001274925408644777
0.19,0.013836555685959602,,0.0009244937641049951
0.2,0.015874976836123295,,0.0009902538477905615
0.21,0.018592871703008215,,0.0010716753087218155
0.22,0.02890851812959417,,0.00133629672325554
0.23,0.030823398603990363,,0.001379844826962053
0.24,0.0020384211501636913,,0.00035484357567101295
0.25,0.04398048057322874,,0.0016482381943450904
0.26,0.01253937859040089,,0.0008800918431512142
0.27,0.0382976094879239,,0.0015380690095730103
0.28,0.0156278954845883,,0.0009825173710906706
0.29,0.00803014392488727,,0.0007042902125512002
0.3,0.012354067576749644,,0.0008735644958756533
0.31,0.019951819136450676,,0.0011101489131886732
0.32,0.00555933040953734,,0.0005860048786524887
0.33,0.03162641299647909,,0.0013977031934010453
0.34,0.01958119710914819,,0.0010997895987871307
0.35000000000000003,0.008277225276422263,,0.0007150433567725138
0.36,0.025881771573290507,,0.0012644072821334684
0.37,0.008153684600654765,,0.0007096871513420259
0.38,0.010624498116004695,,0.0008101103865960838
0.39,0.005188708382234851,,0.0005661344981105492
0.4,0.1948236456853419,,0.003469052092679961
