bin_low_edge,contents,binlabel,error
-0.01,0.0,,0.0
0.0,0.02229909197603311,,0.0011736364197912164
0.01,0.040150719624436344,,0.0015748407911522593
0.02,0.08641670269936376,,0.0023104088219488596
0.03,0.08684909506455,,0.002316181760362305
0.04,0.10192105750818457,,0.002509122986174551
0.05,0.1201433071838903,,0.0027242049627771874
0.06,0.11754895299277288,,0.002694631430129994
0.07,0.11341034035456174,,0.0026467706820221815
0.08,0.09704120081536846,,0.002448319375206179
0.09,0.06529124714312187,,0.0020082485894136587
0.1,0.05009574402371981,,0.0017590994954472965
0.11,0.03199703502378158,,0.0014058690069480564
0.12,0.024831675829266785,,0.0012384914235445935
0.13,0.013713015010192106,,0.0009203573059331237
0.14,0.007906603249119773,,0.0006988515967005227
0.15,0.005250478720118599,,0.0005694943762612198
0.16,0.0029649762184199148,,0.0004279574544613941
0.17,0.003026746556303663,,0.00043239236518623756
0.18,0.0017913397986286984,,0.0003326434496963681
0.19,0.0011736364197912164,,0.0002692506605436206
0.2,0.0008647847303724751,,0.00023112344102624877
0.21,0.0002470813515349929,,0.00012354067576749646
0.22,0.0004941627030699858,,0.00017471289917513066
0.23,0.00037062202730248935,,0.00015130580905449242
0.24,0.00012354067576749646,,8.735644958756533e-05
0.25,0.00018531101365124467,,0.00010698936361534853
0.26,0.00018531101365124467,,0.00010698936361534853
0.27,6.177033788374823e-05,,6.177033788374823e-05
0.28,6.177033788374823e-05,,6.177033788374823e-05
0.29,0.00018531101365124467,,0.00010698936361534853
0.3,0.00030885168941874113,,0.00013812267450119154
0.31,0.00012354067576749646,,8.735644958756533e-05
0.32,6.177033788374823e-05,,6.177033788374823e-05
0.33,6.177033788374823e-05,,6.177033788374823e-05
0.34,0.00030885168941874113,,0.00013812267450119154
0.35000000000000003,0.0,,0.0
0.36,0.00012354067576749646,,8.735644958756533e-05
0.37,0.00012354067576749646,,8.735644958756533e-05
0.38,0.00018531101365124467,,0.00010698936361534853
0.39,6.177033788374823e-05,,6.177033788374823e-05
0.4,0.0020384211501636913,,0.00035484357567101295
