bin_low_edge,contents,binlabel,error
-0.01,0.0,,0.0
0.0,0.005169120125856838,,0.0005389180271168355
0.01,0.02972244072367682,,0.0012922800314642095
0.02,0.02994718507697494,,0.0012971565772126302
0.03,0.05517473873468929,,0.0017606966643434541
0.04,0.10197775030902348,,0.002393685628063917
0.05,0.11327115406225419,,0.0025227491089609673
0.06,0.11810315765816384,,0.00257599581668674
0.07,0.12051915945611867,,0.0026022106252184315
0.08,0.10961905832115969,,0.0024817465811167298
0.09,0.09383076750196652,,0.002296080092336504
0.1,0.07416563658838071,,0.002041341962533425
0.11,0.05253399258343634,,0.0017180452692910054
0.12,0.03472300258456006,,0.0013967640065913082
0.13,0.022923924036408586,,0.0011349033530016943
0.14,0.012810428137993032,,0.0008483913288314136
0.15,0.008090796718732442,,0.0006742330598943702
0.16,0.0050005618608832455,,0.0005300584971376898
0.17,0.002921676592875604,,0.0004051636448436891
0.18,0.0020226991796831106,,0.0003371165299471851
0.19,0.0012360939431396785,,0.00026353611416021067
0.2,0.0006180469715698393,,0.0001863481734102371
0.21,0.0002247443532981234,,0.0001123721766490617
0.22,0.0005618608832453085,,0.00017767601192091132
0.23,0.00016855826497359254,,9.731715965663991e-05
0.24,5.618608832453085e-05,,5.618608832453085e-05
0.25,5.618608832453085e-05,,5.618608832453085e-05
0.26,0.0002809304416226542,,0.00012563591288345825
0.27,5.618608832453085e-05,,5.618608832453085e-05
0.28,0.0001123721766490617,,7.945912812524414e-05
0.29,0.00016855826497359254,,9.731715965663991e-05
0.3,0.0002247443532981234,,0.0001123721766490617
0.31,0.0001123721766490617,,7.945912812524414e-05
0.32,5.618608832453085e-05,,5.618608832453085e-05
0.33,0.0003371165299471851,,0.00013762724703804798
0.34,0.0002809304416226542,,0.00012563591288345825
0.35000000000000003,0.00016855826497359254,,9.731715965663991e-05
0.36,0.0006180469715698393,,0.0001863481734102371
0.37,0.00039330261827171594,,0.00014865441684821837
0.38,5.618608832453085e-05,,5.618608832453085e-05
0.39,0.00016855826497359254,,9.731715965663991e-05
0.4,0.001517024384762333,,0.00029195147896991975
