bin_low_edge,contents,binlabel,error
-0.01,0.0,,0.0
0.0,0.08703225081469829,,0.0022113348302229946
0.01,0.0,,0.0
0.02,0.0,,0.0
0.03,0.002135071356332172,,0.00034635430963978966
0.04,0.015170243847623329,,0.0009232316397996956
0.05,0.013765591639510057,,0.0008794513901842077
0.06,0.03590291043937521,,0.0014202971861742373
0.07,0.010506798516687269,,0.0007683332021113239
0.08,0.014102708169457242,,0.0008901550465083076
0.09,0.018541409147095178,,0.0010206709812667124
0.1,0.006405214068996516,,0.0005999032617165586
0.11,0.03736374873581301,,0.0014489040294670891
0.12,0.023598157096302957,,0.00115147216158665
0.13,0.016799640409034724,,0.0009715482900208216
0.14,0.013147544667940218,,0.0008594818822776916
0.15,0.016406337790763007,,0.0009601082981590662
0.16,0.0429823575682661,,0.0015540304175681908
0.17,0.010956287223283515,,0.0007845960244841522
0.18,0.020788852680076412,,0.001080760987845339
0.19,0.013821777727834588,,0.0008812443612404834
0.2,0.0225868075064614,,0.0011265275680280606
0.21,0.012192381166423193,,0.000827672764504789
0.22,0.038262726149005506,,0.001466230851859747
0.23,0.01590066299584223,,0.0009451963052736668
0.24,0.0028654905045510733,,0.0004012489284494241
0.25,0.03786942353073379,,0.0014586756922965692
0.26,0.01191145072480054,,0.0008180817945028113
0.27,0.030789976401842903,,0.0013152826059916424
0.28,0.016181593437464885,,0.0009535095375029295
0.29,0.010225868075064613,,0.0007579917722908215
0.3,0.027194066749072928,,0.0012360939431396785
0.31,0.015451174289245983,,0.0009317408670511855
0.32,0.0017417687380604562,,0.0003128309002601428
0.33,0.03528486346780537,,0.0014080193376943104
0.34,0.013372289021238342,,0.000866796753598242
0.35000000000000003,0.01387796381615912,,0.0008830336917351226
0.36,0.03511630520283178,,0.0014046522081132711
0.37,0.015732104730868637,,0.0009401730829689579
0.38,0.0112934037532307,,0.0007965752825462313
0.39,0.004157770536015282,,0.0004833310072504004
0.4,0.2285650073041915,,0.0035835978692217046
